brand,model_year,mileage,fuel_type,transmission,engine_size,horsepower,condition,price
Mercedes,2021,47229,Electric,Automatic,1.8177622957981874,352,Fair,56012
Audi,2021,91652,Diesel,Automatic,3.078817051577937,223,Good,64305
BMW,2013,133267,Petrol,Automatic,1.296168871649392,95,Fair,22106
Audi,2013,184436,Petrol,Automatic,3.4219306768576185,381,Fair,63123
Audi,2014,131503,Diesel,Manual,3.0671597565126327,324,Excellent,13720
Honda,2017,89878,Diesel,Automatic,3.9606454750458524,186,Excellent,42661
BMW,2014,62056,Diesel,Manual,3.52280188463514,167,Excellent,26120
BMW,2017,163562,Diesel,Manual,3.1984250741230267,208,Good,24790
BMW,2019,24975,Diesel,Automatic,3.7591153969924846,83,Poor,63655
Audi,2010,162795,Petrol,Manual,1.5757676542889234,385,Poor,64643
Mercedes,2021,159351,Diesel,Automatic,3.3814386450344163,174,Good,52374
BMW,2019,147633,Petrol,Automatic,1.6884424112911107,288,Fair,47907
Audi,2018,93397,Petrol,Manual,4.702088831407524,304,Good,55071
Honda,2015,185225,Diesel,Manual,1.2733364193824168,126,Fair,39812
Mercedes,2012,38142,Diesel,Automatic,2.721498998763173,260,Good,54570
Honda,2022,31916,Hybrid,Automatic,3.7831899106217795,185,Good,55901
Mercedes,2023,69324,Petrol,Manual,2.832088846673035,278,Good,65186
Audi,2017,181037,Diesel,Manual,1.3683810129316094,185,Poor,55251
Toyota,2018,130932,Diesel,Manual,3.2135160645068295,359,Excellent,70171
Mercedes,2015,140720,Diesel,Manual,3.566527635309418,339,Good,41160
Honda,2020,171205,Hybrid,Automatic,3.8151692439620306,187,Poor,24156
Audi,2016,186749,Hybrid,Automatic,2.4930392578510356,98,Excellent,77320
Mercedes,2010,101059,Electric,Automatic,3.254639884115049,375,Excellent,22929
Toyota,2023,103317,Petrol,Automatic,2.8027458997556525,385,Good,71606
Toyota,2014,40046,Electric,Manual,3.6882241550090136,250,Fair,67559
BMW,2014,183136,Diesel,Manual,3.334227869299274,274,Fair,59205
BMW,2019,106459,Hybrid,Automatic,3.1030248782365395,91,Fair,73475
Honda,2023,50893,Hybrid,Automatic,1.9980974673529945,274,Good,69341
Mercedes,2013,106520,Electric,Automatic,1.0080740709929357,362,Fair,47863
Mercedes,2015,130818,Hybrid,Automatic,1.696326701245717,261,Poor,70439
BMW,2016,66272,Diesel,Automatic,1.4682641656966746,384,Poor,12194
Mercedes,2018,72649,Hybrid,Automatic,2.796338980043787,223,Poor,76387
Mercedes,2010,69674,Electric,Automatic,3.4490326030473786,395,Poor,71214
Toyota,2015,149832,Diesel,Automatic,1.8523400347392327,261,Excellent,34777
BMW,2016,157999,Electric,Automatic,4.7562283838687485,109,Poor,31183
Audi,2012,91475,Hybrid,Manual,1.0267285168955511,163,Fair,32445
BMW,2017,66367,Electric,Automatic,4.0892040606613715,245,Good,72038
Audi,2014,148660,Electric,Manual,3.500819078121769,363,Fair,21198
Toyota,2018,126750,Petrol,Manual,2.4942192041907276,360,Poor,26411
Honda,2014,123154,Hybrid,Automatic,1.2019557776496317,175,Excellent,55577
Mercedes,2018,188305,Hybrid,Automatic,3.5099462871371174,345,Poor,20867
Toyota,2019,49738,Electric,Manual,2.542454051462592,377,Good,67501
Mercedes,2013,38397,Petrol,Manual,4.745068557652877,375,Fair,19266
Honda,2018,87189,Hybrid,Automatic,3.1679602995590637,304,Good,44422
Honda,2014,81367,Diesel,Manual,4.758606045174033,121,Good,40208
Toyota,2019,125585,Electric,Automatic,1.8819347738932164,382,Good,36213
Honda,2018,81619,Hybrid,Automatic,3.902903641456413,325,Fair,12367
Audi,2012,116453,Diesel,Automatic,3.4689960833949027,287,Poor,40362
Honda,2013,24816,Hybrid,Manual,3.9576329193252473,316,Good,56588
Mercedes,2018,178312,Diesel,Manual,1.8586714558901472,101,Fair,43285
Mercedes,2019,142348,Electric,Automatic,3.659978064951095,264,Excellent,79755
Mercedes,2020,84530,Hybrid,Manual,2.992161572227476,321,Fair,76846
Mercedes,2015,159571,Hybrid,Manual,3.971299899625265,362,Excellent,41307
Audi,2011,113856,Petrol,Manual,2.308178576607271,120,Fair,24867
BMW,2016,76635,Electric,Manual,4.560228101861011,241,Poor,61523
Toyota,2011,112803,Diesel,Manual,1.3372052584454015,239,Good,11378
Mercedes,2020,40946,Hybrid,Manual,4.228757275164752,168,Poor,32926
Honda,2011,60204,Hybrid,Manual,4.445278503260363,91,Fair,18180
Mercedes,2020,187958,Diesel,Automatic,4.269009245467284,152,Good,41931
Honda,2010,20563,Electric,Manual,3.050905577047104,155,Excellent,29014
Honda,2020,97324,Petrol,Manual,2.7535399201230453,280,Fair,63502
Mercedes,2020,14847,Petrol,Manual,4.985049146099508,89,Good,10470
Audi,2021,31155,Hybrid,Manual,1.9166878048566485,305,Excellent,19953
Honda,2020,84671,Diesel,Manual,3.1875038635041784,255,Excellent,43507
Honda,2012,121891,Hybrid,Manual,3.682702101529302,355,Poor,11523
Mercedes,2015,88310,Diesel,Manual,3.803470543445728,118,Fair,62190
Honda,2017,154381,Petrol,Manual,1.8160986629543148,139,Excellent,52761
Honda,2018,136691,Electric,Automatic,3.615976369359205,145,Good,36169
Mercedes,2016,186180,Diesel,Manual,4.273478265925349,203,Excellent,50641
Mercedes,2013,39707,Petrol,Manual,1.2000743072844489,243,Excellent,27990
Toyota,2015,156409,Hybrid,Manual,4.646085173301266,238,Poor,34661
Audi,2014,86537,Diesel,Manual,1.1180162205808237,136,Poor,18419
Audi,2017,183686,Electric,Automatic,2.4238841299535774,157,Good,19457
Honda,2010,96155,Hybrid,Automatic,1.0632527849318483,273,Poor,72600
Audi,2010,5281,Hybrid,Automatic,1.3085806741583275,364,Excellent,38085
Honda,2022,163492,Petrol,Automatic,4.644673140720316,94,Excellent,55654
Toyota,2020,175102,Diesel,Automatic,2.4194433229845913,91,Poor,11130
Mercedes,2015,137130,Hybrid,Automatic,2.6990861217002116,180,Excellent,7042
Mercedes,2019,81260,Electric,Automatic,1.8613775255302105,235,Excellent,75134
Mercedes,2021,164476,Diesel,Automatic,3.388383080746879,204,Good,47982
Audi,2011,165928,Electric,Automatic,3.3792128587111585,359,Poor,70185
Toyota,2014,145272,Hybrid,Automatic,2.488801567300877,189,Excellent,38477
Audi,2010,69178,Electric,Automatic,2.3321394872215935,225,Poor,57709
Audi,2016,38997,Petrol,Automatic,4.539857232722351,295,Good,33716
Toyota,2010,161683,Electric,Automatic,2.5331369585688055,241,Poor,41018
Toyota,2013,124273,Diesel,Automatic,2.974003968617633,207,Excellent,13061
Toyota,2018,177307,Electric,Automatic,2.1332190496997225,393,Poor,13609
Toyota,2010,171129,Electric,Automatic,4.1470780134285095,229,Excellent,40371
Mercedes,2013,137311,Petrol,Manual,2.5897926275963665,115,Excellent,25805
BMW,2015,131945,Electric,Automatic,3.054444186177298,252,Excellent,12857
BMW,2015,50272,Electric,Manual,2.0134286802386456,101,Good,16620
Toyota,2021,94393,Hybrid,Automatic,4.950638369365008,285,Poor,13177
BMW,2022,66212,Hybrid,Automatic,2.1659829636948915,206,Good,35111
BMW,2017,151470,Diesel,Manual,4.082970123622207,296,Poor,16826
Toyota,2010,125030,Hybrid,Automatic,2.7099826014270367,175,Good,18890
BMW,2016,61503,Hybrid,Manual,1.8248696203365595,243,Fair,63031
Audi,2010,142710,Hybrid,Manual,4.198875055859444,227,Excellent,10495
Honda,2022,11570,Hybrid,Manual,2.3344271561161727,97,Excellent,33481
Honda,2023,73785,Petrol,Automatic,4.460773389591244,373,Good,16267
Toyota,2016,14110,Hybrid,Automatic,4.661028739671292,274,Fair,11743
Mercedes,2012,84141,Petrol,Automatic,4.439295341565104,230,Excellent,59800
Toyota,2020,17115,Petrol,Manual,1.1400316592272226,202,Poor,53773
Mercedes,2017,44062,Hybrid,Manual,4.149493380020422,266,Good,62042
Honda,2012,27911,Electric,Automatic,2.6453578659965755,228,Excellent,54476
Toyota,2023,109061,Petrol,Automatic,4.4948916807289,183,Excellent,33552
Audi,2023,37556,Electric,Automatic,3.551817050738955,322,Good,70242
BMW,2022,133335,Electric,Automatic,4.334572536575834,310,Good,50772
Mercedes,2010,6969,Hybrid,Automatic,2.9977270794673414,285,Poor,48730
BMW,2022,48753,Diesel,Manual,3.1401020183957313,277,Poor,33948
BMW,2022,140542,Hybrid,Manual,1.577550528534669,166,Excellent,74093
Toyota,2023,126863,Diesel,Manual,4.135949434757421,221,Excellent,74123
BMW,2017,15225,Diesel,Automatic,2.6775584466678866,396,Good,21535
Audi,2012,128008,Hybrid,Manual,3.0003204730863304,278,Excellent,71490
BMW,2011,159268,Hybrid,Manual,4.14039085638283,125,Excellent,51562
Toyota,2010,110823,Diesel,Manual,3.395381600317756,367,Good,63535
Audi,2023,18669,Hybrid,Manual,1.8043949097706697,94,Excellent,46269
Honda,2012,173452,Diesel,Manual,3.360930636603571,123,Excellent,47462
BMW,2011,129398,Electric,Automatic,2.630531431918623,248,Fair,8127
Toyota,2011,115677,Hybrid,Manual,2.8781021681754506,389,Poor,28147
Honda,2015,53320,Electric,Automatic,1.1132450976106711,123,Good,50528
Honda,2021,183486,Petrol,Automatic,1.8401173980651264,177,Fair,73931
Mercedes,2010,151649,Electric,Automatic,2.124152325524113,340,Poor,71381
Audi,2011,130354,Electric,Automatic,3.851840031435223,188,Poor,68749
BMW,2023,93009,Diesel,Automatic,1.0459698931924613,362,Poor,43672
Toyota,2015,191481,Electric,Manual,2.635109044916528,183,Fair,18731
Mercedes,2012,33625,Hybrid,Manual,4.696107481702931,335,Fair,59512
Audi,2013,29089,Diesel,Automatic,1.4475224661964954,285,Poor,56024
Mercedes,2010,41487,Petrol,Automatic,3.065697552874444,122,Excellent,8832
Audi,2017,115448,Hybrid,Automatic,4.146089529563389,324,Excellent,37332
Audi,2022,55138,Petrol,Manual,4.770125230080467,366,Fair,17467
BMW,2016,178895,Electric,Automatic,3.987106558134872,352,Fair,46025
Audi,2016,173280,Hybrid,Manual,3.8822621945776246,162,Fair,18107
Mercedes,2012,59061,Hybrid,Automatic,4.305952360783049,189,Poor,48481
Audi,2019,166731,Petrol,Manual,2.7848048839101747,269,Excellent,7581
BMW,2019,106376,Hybrid,Automatic,4.223378130471332,367,Fair,56638
BMW,2012,167962,Hybrid,Manual,1.0318576189818045,330,Fair,13418
Mercedes,2023,84134,Hybrid,Automatic,4.6982442215072195,291,Good,34113
Honda,2011,52055,Electric,Manual,2.7732260380687013,370,Poor,68044
Honda,2021,24508,Petrol,Manual,3.2135207514629904,212,Good,66030
Audi,2010,178359,Hybrid,Manual,2.0195289956595293,280,Excellent,16814
Toyota,2016,163056,Diesel,Manual,3.9701233313616857,364,Good,15024
Audi,2016,115169,Diesel,Manual,1.3065432259009953,174,Good,68288
Mercedes,2021,13125,Diesel,Manual,4.490543210187341,357,Good,62836
Mercedes,2011,41059,Diesel,Manual,4.312467316025371,298,Poor,12435
Mercedes,2016,108409,Electric,Automatic,1.8642404649790656,168,Excellent,72084
Mercedes,2022,153159,Hybrid,Automatic,4.237297593141049,151,Good,75601
Mercedes,2017,10704,Petrol,Automatic,4.145430932245926,326,Poor,8407
BMW,2010,196648,Hybrid,Automatic,3.528866391015796,208,Excellent,37940
Honda,2018,116279,Electric,Automatic,2.49408070759875,291,Fair,10666
Mercedes,2016,163280,Diesel,Manual,2.0859950167274715,175,Good,42122
Toyota,2012,123516,Electric,Manual,1.9271343611574,154,Excellent,30092
Toyota,2017,175954,Hybrid,Manual,2.2744358510544287,133,Good,31505
Toyota,2016,161995,Petrol,Manual,4.614233773730121,133,Fair,41713
Toyota,2020,119044,Electric,Manual,1.310563103955125,297,Excellent,59387
BMW,2022,34165,Petrol,Automatic,4.315485105011835,95,Poor,48169
Toyota,2017,72203,Electric,Automatic,2.3955603001672943,178,Excellent,78282
Mercedes,2015,9114,Petrol,Automatic,3.0863975840454327,99,Poor,56742
Audi,2018,41321,Petrol,Automatic,4.177942534593963,125,Excellent,45522
Toyota,2014,78297,Diesel,Manual,4.537506188091886,272,Poor,8880
BMW,2012,101652,Petrol,Manual,2.379125680290588,137,Fair,48454
BMW,2012,104304,Diesel,Manual,2.8473739251004413,190,Fair,60711
Toyota,2010,161498,Hybrid,Automatic,2.658064259267169,208,Fair,48539
Audi,2021,22772,Hybrid,Manual,1.0530041340156422,273,Excellent,73321
Toyota,2017,108754,Diesel,Automatic,2.1837715554346264,87,Fair,19799
BMW,2011,8712,Diesel,Manual,2.8367569349302473,108,Good,65102
Honda,2012,137439,Electric,Manual,2.644374435521759,191,Fair,55726
Mercedes,2017,120142,Electric,Automatic,3.887716910062718,240,Poor,53784
BMW,2023,96736,Electric,Manual,2.539214468884413,210,Poor,48333
Toyota,2017,56924,Hybrid,Manual,2.957505795882681,267,Poor,45828
Mercedes,2023,8726,Electric,Automatic,2.7184343685294534,242,Excellent,74526
Toyota,2020,94152,Petrol,Manual,3.962504595577482,276,Good,59362
Toyota,2013,32723,Petrol,Automatic,4.451889595947851,283,Fair,58997
Honda,2013,131969,Electric,Manual,3.1275563160300566,291,Good,55341
Mercedes,2014,105494,Petrol,Manual,4.157728776780765,188,Good,24073
Mercedes,2015,145180,Hybrid,Manual,2.1871467280794024,355,Poor,19549
Honda,2014,40643,Petrol,Manual,3.165478440629075,152,Poor,61920
BMW,2023,167396,Hybrid,Manual,2.38091981467989,246,Poor,25316
Toyota,2016,108896,Diesel,Manual,2.656803702287321,339,Excellent,31183
Audi,2011,144999,Diesel,Manual,3.9296554592506743,322,Good,29624
Toyota,2016,98680,Diesel,Manual,4.526649929330851,354,Good,67515
Toyota,2019,101546,Diesel,Automatic,1.4859815643510617,181,Excellent,51705
BMW,2016,158515,Petrol,Automatic,3.538557025949522,252,Excellent,31756
Toyota,2010,84973,Electric,Manual,3.328575230311194,250,Excellent,65390
Honda,2016,68449,Petrol,Manual,1.4736601567037275,220,Good,73369
Honda,2014,114834,Hybrid,Automatic,1.8475773217604363,267,Good,75821
Mercedes,2012,196305,Petrol,Manual,2.244009978930721,165,Poor,14589
Audi,2022,30537,Petrol,Manual,1.6677242832700059,131,Poor,19116
Toyota,2012,82576,Hybrid,Automatic,1.9749179300973672,190,Good,78181
Toyota,2013,112522,Diesel,Manual,2.07040319544683,122,Poor,49786
BMW,2022,27612,Diesel,Manual,2.3426953321562385,290,Excellent,35286
Honda,2021,11471,Diesel,Automatic,3.997561811204636,279,Fair,20994
Audi,2011,171703,Electric,Manual,3.287648815402403,377,Poor,31639
Mercedes,2011,36348,Hybrid,Manual,4.944986687805606,319,Good,22205
Honda,2010,6177,Hybrid,Automatic,2.658943307869884,194,Poor,61677
Mercedes,2014,140832,Petrol,Manual,4.0154602953477,105,Poor,37930
BMW,2013,37779,Electric,Automatic,4.485873685506135,378,Poor,78313
BMW,2020,26636,Diesel,Manual,3.7159139721521677,156,Fair,23316
Toyota,2019,86889,Electric,Manual,2.647458961669984,216,Excellent,32304
Audi,2011,58551,Hybrid,Automatic,4.014378522983012,99,Good,18403
Mercedes,2012,147628,Hybrid,Automatic,1.8146685510907394,290,Fair,78495
Honda,2016,163670,Petrol,Manual,2.3102086607205297,319,Good,36932
BMW,2016,147635,Petrol,Automatic,3.186741020397155,118,Good,41701
Toyota,2021,51819,Hybrid,Automatic,3.3016375491445933,347,Good,8385
Toyota,2013,78770,Diesel,Manual,1.0885659018905178,286,Fair,62241
Mercedes,2014,163038,Diesel,Manual,4.780456755024035,346,Excellent,15367
BMW,2014,195961,Electric,Manual,3.78650908486956,233,Good,70030
Audi,2015,163059,Hybrid,Automatic,2.9828150009275642,121,Excellent,51505
BMW,2023,83714,Hybrid,Automatic,4.732508937633233,90,Excellent,38332
Mercedes,2018,194420,Diesel,Automatic,2.756382261003314,373,Poor,40268
Mercedes,2011,29596,Diesel,Automatic,4.921742281081487,177,Fair,30563
BMW,2014,169246,Hybrid,Manual,3.0491390289739404,354,Fair,41404
Mercedes,2021,69106,Petrol,Automatic,1.4571430799919178,309,Poor,60182
BMW,2012,64182,Hybrid,Manual,4.059203889837109,299,Poor,37991
Honda,2013,92163,Hybrid,Automatic,3.715590900311362,144,Excellent,52663
BMW,2019,44310,Diesel,Manual,4.091946885222347,311,Good,70886
BMW,2015,61088,Diesel,Manual,4.805768114902724,131,Fair,29127
Mercedes,2021,133803,Petrol,Manual,4.105957210604073,342,Good,62692
Mercedes,2017,144978,Petrol,Automatic,3.4453464088665875,346,Good,42500
Toyota,2010,41914,Electric,Manual,4.429235609443364,396,Poor,38785
Toyota,2019,115350,Hybrid,Manual,3.692985757418126,233,Good,52997
Honda,2023,50379,Diesel,Automatic,2.6324762273036924,219,Excellent,12170
Toyota,2017,173722,Petrol,Manual,4.5424790569670925,130,Poor,18303
BMW,2020,182953,Electric,Automatic,1.8876018431374915,196,Good,76743
Mercedes,2023,51413,Electric,Automatic,3.858565099634897,125,Poor,40187
Toyota,2016,142084,Diesel,Manual,4.526253819763028,388,Excellent,70034
Toyota,2010,186187,Diesel,Manual,3.925266078813185,167,Excellent,76776
Honda,2011,12151,Electric,Automatic,3.7891016762154277,287,Good,6893
Honda,2012,62716,Petrol,Manual,4.010553176287344,348,Poor,18753
BMW,2010,98747,Electric,Automatic,2.8602209932025775,168,Good,43090
Mercedes,2023,172450,Hybrid,Automatic,4.4966827286281035,197,Good,69922
Honda,2018,178724,Hybrid,Automatic,1.8137459005443648,133,Poor,64412
Toyota,2017,149539,Diesel,Manual,1.5095456640013571,195,Good,61030
Mercedes,2011,167082,Petrol,Automatic,2.142035120474046,197,Excellent,22509
Mercedes,2022,126999,Petrol,Manual,3.1263095870999726,339,Poor,73653
Toyota,2018,119793,Hybrid,Manual,3.0422471816373524,154,Poor,41929
Honda,2016,190763,Electric,Manual,4.282395030706347,384,Poor,53291
Toyota,2018,113177,Diesel,Manual,2.6182746256160696,86,Poor,9042
Mercedes,2015,17289,Electric,Automatic,2.9373777051660346,201,Good,67574
Audi,2015,181048,Electric,Manual,1.0534707330375825,90,Good,42201
Audi,2020,179668,Electric,Automatic,2.6389569457717563,294,Excellent,19016
BMW,2023,159243,Petrol,Automatic,3.5910969318013684,358,Fair,30022
Toyota,2013,91365,Hybrid,Manual,1.0620333225063687,107,Fair,32938
Toyota,2019,119014,Petrol,Automatic,2.123527860744975,314,Excellent,48678
BMW,2019,180211,Hybrid,Automatic,1.8318254371575597,392,Fair,66720
BMW,2022,184785,Diesel,Manual,1.167941715638353,105,Excellent,61805
BMW,2022,165806,Diesel,Automatic,2.91704035965815,133,Good,79323
Mercedes,2011,77588,Electric,Automatic,1.726893172912626,108,Poor,6986
Toyota,2016,68646,Hybrid,Automatic,3.9723261585255205,243,Poor,17161
Mercedes,2014,8654,Hybrid,Automatic,4.391711535053394,349,Good,25689
BMW,2020,23743,Hybrid,Manual,3.182340730676591,114,Poor,65924
Toyota,2015,53368,Electric,Automatic,4.926829370084566,365,Poor,79308
Mercedes,2011,142513,Electric,Automatic,2.8019142858823813,352,Fair,68745
Mercedes,2014,124735,Diesel,Automatic,3.053472840899662,287,Good,6211
BMW,2019,160683,Petrol,Automatic,4.956871015831,317,Fair,5229
Toyota,2013,124891,Hybrid,Manual,1.9261937438601953,172,Fair,53542
BMW,2018,112971,Hybrid,Automatic,4.770183758707621,252,Poor,19345
Toyota,2015,17149,Petrol,Manual,1.171350220476453,158,Poor,36819
Audi,2011,105102,Hybrid,Automatic,2.785547561052779,189,Good,52779
Honda,2010,64189,Electric,Manual,1.280014048532263,296,Poor,70584
Honda,2014,157747,Electric,Manual,3.916938971654572,185,Poor,24950
Honda,2018,76031,Hybrid,Manual,3.433635743520071,126,Good,20173
BMW,2015,47668,Electric,Manual,3.8265370538703856,260,Poor,63032
Audi,2019,149745,Electric,Manual,2.497921599872068,143,Fair,33036
Toyota,2021,93204,Hybrid,Automatic,2.477927736125521,325,Good,76356
Mercedes,2016,159741,Diesel,Automatic,1.1812771158435784,323,Poor,19292
Toyota,2014,170140,Petrol,Automatic,2.399779758118559,399,Excellent,8052
Mercedes,2019,145507,Electric,Manual,4.717153609048237,166,Good,49377
Toyota,2015,188321,Diesel,Automatic,2.516906148721796,296,Good,72838
Audi,2014,42384,Electric,Manual,4.32547082488788,86,Excellent,72819
Mercedes,2020,86929,Electric,Manual,4.369302018999736,357,Poor,20620
BMW,2018,132959,Petrol,Automatic,2.4929646255169353,289,Poor,35461
Toyota,2015,81153,Electric,Automatic,3.527954721584756,248,Good,25750
Toyota,2020,80388,Petrol,Manual,1.3814864090922345,217,Good,14472
Mercedes,2017,36401,Petrol,Manual,1.414714322937106,385,Poor,74263
BMW,2011,124503,Petrol,Automatic,1.1946306546468533,309,Poor,62602
BMW,2021,132834,Diesel,Automatic,3.324060373500438,387,Fair,30523
Audi,2022,39084,Hybrid,Automatic,2.704283910504388,240,Good,35766
BMW,2018,115641,Diesel,Automatic,3.1921294266569604,80,Good,71060
BMW,2014,110111,Hybrid,Manual,3.0842927620335514,315,Excellent,14079
BMW,2016,191898,Hybrid,Automatic,2.400811964362921,267,Fair,13399
Honda,2019,172523,Petrol,Automatic,3.7098936592938916,83,Poor,65726
Audi,2022,143299,Electric,Automatic,4.034007523665563,211,Fair,21532
Toyota,2010,167982,Petrol,Manual,1.0585130355107029,297,Poor,48162
Mercedes,2019,41041,Electric,Manual,1.8289691990755133,339,Poor,8749
Toyota,2014,93920,Hybrid,Manual,3.8529434723333473,80,Fair,16353
Audi,2021,70681,Petrol,Manual,2.5464806905353368,150,Good,33477
Mercedes,2023,86571,Electric,Automatic,3.6499357877664327,257,Poor,29570
Audi,2019,132556,Diesel,Manual,2.3878506389382337,268,Fair,16437
BMW,2023,31160,Electric,Automatic,2.5630206093185484,370,Excellent,43104
Mercedes,2011,22633,Petrol,Automatic,1.6347154947587397,87,Fair,68370
BMW,2021,22014,Diesel,Automatic,2.03292407866464,332,Excellent,9551
Toyota,2015,85532,Electric,Automatic,3.421647030030349,371,Poor,73359
Toyota,2020,54104,Electric,Manual,2.7326524452606655,323,Fair,59880
Mercedes,2010,177693,Electric,Manual,4.097210731778381,202,Fair,17916
Mercedes,2012,82231,Electric,Manual,4.410339819753371,378,Excellent,46445
Audi,2014,73388,Electric,Automatic,3.1665856728670394,362,Fair,52636
Audi,2013,21014,Diesel,Automatic,4.0330691682242366,111,Fair,78927
BMW,2012,97578,Hybrid,Automatic,2.22761805277828,225,Poor,34685
Mercedes,2019,169827,Diesel,Automatic,2.659884861600313,235,Fair,56134
Toyota,2022,45390,Diesel,Automatic,3.851110704867324,95,Good,72847
Audi,2014,28711,Diesel,Manual,2.5448479712681227,126,Excellent,44993
Audi,2020,96658,Hybrid,Automatic,3.3540197406359553,330,Fair,49333
Toyota,2017,62993,Petrol,Manual,1.741491116330046,266,Excellent,63865
Audi,2020,163285,Hybrid,Automatic,3.399085259881992,110,Excellent,54756
BMW,2013,193856,Diesel,Automatic,4.446054828907574,339,Excellent,66192
Mercedes,2010,12421,Electric,Manual,4.474558559293703,96,Fair,65686
Toyota,2020,22727,Electric,Manual,3.8973776253181587,118,Fair,53733
Mercedes,2016,117418,Diesel,Automatic,3.983013516304504,383,Excellent,30993
Audi,2017,9358,Electric,Automatic,3.231709780602803,118,Good,35492
Audi,2012,70108,Diesel,Automatic,3.338672360663299,211,Excellent,25981
Toyota,2015,99018,Electric,Automatic,1.534602325642072,109,Good,29143
BMW,2011,129457,Hybrid,Manual,2.7754367536852045,237,Excellent,65277
Honda,2016,168189,Petrol,Automatic,2.8031051355454553,357,Poor,54990
Toyota,2017,36910,Petrol,Manual,4.833991342670961,282,Excellent,67888
Honda,2015,131888,Hybrid,Automatic,2.7243474504931577,145,Excellent,74351
Honda,2015,60754,Hybrid,Manual,3.1973705796110305,187,Fair,54999
BMW,2014,198510,Diesel,Manual,3.13300559711641,347,Good,75309
Honda,2017,114847,Diesel,Automatic,3.5470468681773086,301,Poor,17446
Honda,2010,165443,Diesel,Manual,3.9929313253275835,371,Good,35733
BMW,2019,187573,Electric,Automatic,1.9001675046834885,97,Poor,53632
Honda,2013,197018,Diesel,Manual,3.114897676393743,169,Excellent,26576
Honda,2013,43467,Hybrid,Automatic,4.303670829264122,260,Fair,8320
Honda,2012,153697,Petrol,Manual,2.852458855350046,334,Fair,15750
Toyota,2012,38893,Electric,Automatic,2.113830185494292,332,Good,58463
Toyota,2013,81329,Diesel,Automatic,3.6188363014251963,336,Fair,31572
Toyota,2020,36007,Electric,Manual,4.295069583196492,166,Good,22948
BMW,2010,175604,Electric,Manual,1.2525611717095653,169,Good,43826
Audi,2023,59253,Diesel,Manual,4.107161933628909,316,Poor,32867
Honda,2020,17323,Electric,Manual,4.286591731847085,149,Good,65231
Honda,2022,116335,Petrol,Automatic,2.846091710354427,123,Poor,71262
BMW,2020,117356,Hybrid,Manual,4.933222627273869,279,Fair,77233
Honda,2011,115944,Hybrid,Automatic,4.146833362829236,231,Good,49678
Toyota,2018,150282,Petrol,Manual,4.094650259582663,165,Good,17963
Audi,2019,21456,Electric,Automatic,3.991354297648287,98,Excellent,69360
Mercedes,2011,36367,Diesel,Automatic,1.602432412873096,180,Good,54434
Honda,2014,59624,Electric,Automatic,1.8689235458120432,174,Good,71617
Toyota,2018,146178,Petrol,Automatic,2.8559605258577,333,Excellent,25269
Mercedes,2018,73008,Electric,Manual,2.0560173998378635,109,Excellent,42528
Audi,2017,130926,Hybrid,Manual,2.660963889336162,328,Fair,70602
Mercedes,2010,120395,Electric,Automatic,4.553856439691683,112,Good,38332
Toyota,2010,121492,Petrol,Manual,4.297307567517077,308,Fair,74206
Mercedes,2018,77240,Hybrid,Manual,3.520159513919929,91,Fair,7251
BMW,2022,69315,Electric,Automatic,4.432481577004414,197,Excellent,50717
Mercedes,2020,15756,Electric,Manual,4.135089556068997,234,Poor,32027
Honda,2017,41378,Hybrid,Manual,2.715939727363562,325,Fair,14583
Honda,2019,140327,Diesel,Manual,1.8042606081997805,326,Poor,55387
BMW,2018,150556,Hybrid,Automatic,3.0568041600373568,108,Good,28104
Toyota,2016,130703,Diesel,Manual,3.9449155301142005,240,Excellent,17224
Honda,2012,61549,Petrol,Automatic,2.745678394918372,314,Good,65624
Audi,2012,170575,Petrol,Manual,3.667087639135589,269,Good,61058
Honda,2011,78794,Hybrid,Manual,1.3773097051641745,196,Excellent,34299
Honda,2014,50113,Hybrid,Manual,3.9920189454856136,350,Good,78474
Toyota,2021,79069,Petrol,Automatic,4.250854479572248,337,Excellent,9141
Mercedes,2021,141321,Diesel,Automatic,3.8273514231221646,259,Poor,28350
Honda,2012,155273,Petrol,Manual,4.869054350105462,251,Good,75871
BMW,2023,130541,Hybrid,Automatic,4.306608229842562,353,Excellent,10077
Mercedes,2015,194648,Petrol,Manual,4.612374911506153,338,Fair,51015
Audi,2011,14686,Hybrid,Automatic,4.734284333830592,214,Good,76147
Toyota,2021,58363,Hybrid,Automatic,4.205391967495235,250,Poor,64180
Audi,2012,102543,Petrol,Manual,3.6970353680259964,289,Excellent,45857
Mercedes,2014,136733,Diesel,Manual,1.0228743254431572,315,Good,64840
Mercedes,2021,180915,Electric,Manual,2.8633030128924988,265,Good,64902
Mercedes,2020,100673,Petrol,Manual,3.284649194489444,174,Good,10577
Audi,2020,197035,Electric,Automatic,2.2161210897919985,90,Poor,25002
Mercedes,2010,47828,Petrol,Automatic,2.2724177876138882,147,Excellent,55711
Audi,2022,53604,Electric,Automatic,4.844637662840661,289,Fair,44451
Mercedes,2010,15526,Diesel,Manual,4.566843460810984,275,Fair,54103
BMW,2019,73910,Diesel,Manual,4.396716022006817,177,Fair,33647
Mercedes,2018,30592,Petrol,Automatic,2.6240472068244425,172,Excellent,39831
Audi,2016,33982,Hybrid,Manual,1.0547942016356582,101,Fair,71830
Honda,2010,5207,Electric,Automatic,1.3208889858228563,251,Poor,41833
Mercedes,2021,93733,Hybrid,Automatic,2.2487854728704146,213,Excellent,29398
Honda,2023,129982,Hybrid,Automatic,1.062971651982708,104,Good,66554
BMW,2017,73619,Hybrid,Automatic,1.0685991276607925,264,Poor,55755
Toyota,2012,165400,Diesel,Automatic,4.6664132065696435,164,Good,22706
BMW,2017,51479,Petrol,Manual,3.8246340084762163,134,Fair,27340
Mercedes,2014,156175,Petrol,Manual,2.2358239602726107,330,Poor,69994
Honda,2010,175963,Diesel,Manual,1.5305783104038126,223,Excellent,68884
Honda,2016,146826,Diesel,Automatic,3.0465428715803085,246,Poor,22482
Audi,2014,86437,Petrol,Automatic,1.0213846434174578,303,Good,59225
Honda,2015,103540,Hybrid,Automatic,4.7536549754325765,299,Excellent,63849
Audi,2015,77982,Electric,Automatic,2.659260477555789,258,Poor,79854
Toyota,2017,107747,Electric,Manual,2.609339820949331,198,Poor,46256
Mercedes,2018,191994,Electric,Manual,2.5623744303271287,344,Poor,19650
Audi,2011,53231,Hybrid,Automatic,1.277313321551059,229,Poor,51118
Toyota,2018,34301,Petrol,Automatic,3.5532889591673062,294,Excellent,33930
Honda,2021,198783,Diesel,Automatic,3.9320144785134135,276,Good,16801
Honda,2020,177395,Petrol,Manual,3.704501590353161,121,Poor,56360
Toyota,2019,23752,Hybrid,Manual,1.5537419733175772,132,Excellent,21559
Honda,2018,103452,Diesel,Manual,3.3153606721423703,330,Good,37334
Toyota,2022,149467,Hybrid,Automatic,3.2779379366890153,374,Poor,18288
Audi,2019,126237,Electric,Automatic,4.473643151765528,350,Good,27398
Audi,2019,61273,Electric,Manual,2.516510633502588,202,Good,17191
Toyota,2016,96878,Hybrid,Automatic,2.485943774637737,345,Excellent,23051
Audi,2010,9895,Diesel,Manual,3.4741082348727423,108,Good,66715
Audi,2016,124968,Diesel,Automatic,3.532290613998052,114,Excellent,15737
Audi,2019,120700,Petrol,Manual,2.8771409093031615,85,Poor,70140
BMW,2014,81559,Electric,Automatic,2.7722374493216844,190,Good,30251
Mercedes,2015,15699,Petrol,Manual,2.9765906825515307,373,Good,55975
Honda,2019,14715,Petrol,Manual,4.444181198013247,156,Fair,10147
BMW,2016,24169,Hybrid,Manual,2.84466760501564,226,Poor,55508
Audi,2023,123413,Hybrid,Manual,4.75972716787929,146,Poor,57224
Toyota,2014,152235,Petrol,Manual,3.016015054385304,87,Fair,24643
Audi,2016,124264,Electric,Manual,4.796802772723566,201,Fair,43967
Mercedes,2018,10782,Hybrid,Automatic,4.331327607476303,254,Excellent,45733
Audi,2012,129481,Petrol,Automatic,2.4497252904633164,258,Excellent,39808
Toyota,2017,40585,Petrol,Automatic,4.454565685186465,164,Good,72288
Mercedes,2011,35682,Petrol,Manual,1.4402531368044609,124,Good,63959
Audi,2020,183936,Petrol,Manual,4.700188701372058,215,Good,6849
Mercedes,2016,134992,Petrol,Automatic,3.5265740603315665,95,Good,73178
Honda,2022,89416,Petrol,Manual,1.2175629940892447,274,Excellent,72136
Honda,2011,191186,Hybrid,Manual,3.577026894603246,88,Poor,65740
Audi,2023,132810,Electric,Manual,4.896990616579025,395,Good,49565
Mercedes,2013,43067,Petrol,Manual,1.2792026184585157,94,Poor,25183
Toyota,2016,178757,Diesel,Manual,3.218750839120345,181,Good,6132
Audi,2012,23073,Hybrid,Automatic,3.9911773990374897,305,Fair,43259
Honda,2011,41035,Hybrid,Automatic,4.241034346798125,357,Good,68668
Honda,2020,95373,Petrol,Automatic,2.6553098612831834,192,Good,43563
Audi,2019,88362,Hybrid,Automatic,1.816666236672972,80,Good,15931
Mercedes,2016,95517,Petrol,Automatic,1.1693691150895353,345,Excellent,78169
Honda,2010,70450,Electric,Manual,3.318904628388899,287,Fair,55639
Mercedes,2023,15382,Electric,Manual,2.811644281070443,189,Good,63901
Honda,2017,140509,Hybrid,Manual,4.794977580598844,279,Good,6044
Honda,2012,66929,Hybrid,Manual,1.2424196308596391,385,Poor,51691
BMW,2021,103864,Diesel,Automatic,3.741581373784023,91,Fair,29363
Honda,2021,148401,Hybrid,Automatic,1.0998648884802287,267,Good,51694
Toyota,2022,30169,Diesel,Automatic,1.685736706842171,233,Poor,6582
Audi,2011,92468,Electric,Manual,2.8143159996913365,358,Poor,71844
Audi,2012,39594,Electric,Automatic,2.819489771211473,250,Excellent,26301
Mercedes,2014,196703,Petrol,Manual,3.7428021717345756,213,Poor,79329
Honda,2020,50033,Electric,Automatic,4.6408521394710265,104,Good,6620
Toyota,2017,68133,Diesel,Automatic,3.5561286356596833,97,Excellent,67224
Mercedes,2019,78861,Hybrid,Manual,4.814140391406035,269,Excellent,61655
BMW,2016,188362,Petrol,Manual,4.526462559511991,220,Good,42534
Mercedes,2016,36750,Diesel,Automatic,3.337999182123161,122,Fair,44390
Mercedes,2021,45461,Hybrid,Automatic,4.33516780367531,363,Poor,76629
Honda,2016,83222,Petrol,Manual,3.570310441294536,225,Excellent,60856
BMW,2017,117020,Electric,Automatic,1.3142313236949086,394,Fair,54252
Mercedes,2010,29226,Diesel,Automatic,3.96225889303804,398,Good,60809
Toyota,2013,11721,Hybrid,Manual,1.3796337650693848,171,Poor,27259
Toyota,2022,192226,Petrol,Automatic,3.3763311222788497,258,Poor,25655
Audi,2015,25609,Petrol,Manual,3.8105608234329154,135,Excellent,38005
BMW,2018,188202,Electric,Automatic,1.266110432843421,234,Poor,36629
BMW,2022,135513,Hybrid,Manual,1.923178615706127,239,Poor,28610
Audi,2011,109211,Electric,Automatic,4.662688929046599,190,Poor,62184
Mercedes,2010,191321,Electric,Manual,3.4652579689315854,216,Poor,26602
BMW,2022,184967,Hybrid,Automatic,1.9851440752421263,311,Good,16110
Toyota,2019,141728,Hybrid,Manual,3.7627190845920264,299,Fair,11073
Toyota,2021,129865,Hybrid,Automatic,3.3871056798467585,147,Good,15195
Honda,2023,79520,Diesel,Automatic,3.0063027996717935,381,Good,6537
BMW,2011,199812,Hybrid,Automatic,4.904747899952335,328,Excellent,22138
Mercedes,2016,69309,Petrol,Automatic,3.7338151096300356,85,Poor,49328
Audi,2012,34984,Electric,Automatic,2.5017644386716507,359,Good,51202
Audi,2019,123947,Diesel,Automatic,4.2002937283074715,173,Poor,45164
Mercedes,2011,10901,Hybrid,Automatic,4.5383331716847515,348,Good,59659
Honda,2023,167624,Diesel,Automatic,1.5008822380673257,276,Good,54692
Audi,2020,36055,Hybrid,Automatic,1.802211911381066,104,Excellent,29845
BMW,2016,173757,Diesel,Manual,1.8649080365111188,227,Fair,35562
Honda,2022,150788,Electric,Manual,3.7648472375461615,197,Fair,33036
BMW,2022,119099,Electric,Automatic,3.4121582202131333,145,Good,65752
Toyota,2011,16138,Petrol,Manual,3.4759662587943527,380,Excellent,79233
Honda,2012,171370,Petrol,Automatic,4.763093198758003,254,Poor,73681
Audi,2020,187184,Hybrid,Automatic,4.103646131229224,398,Poor,32818
Honda,2016,28429,Electric,Manual,1.5117476980471327,155,Good,35544
Honda,2023,55200,Diesel,Automatic,2.390028329700724,193,Fair,67532
Honda,2013,184316,Diesel,Automatic,2.7415745847029425,190,Excellent,62705
Honda,2022,106268,Diesel,Manual,2.5838463549904196,328,Fair,25104
BMW,2023,22347,Petrol,Manual,3.6772344366475167,282,Poor,74603
Toyota,2010,152992,Diesel,Automatic,4.56757241302625,226,Fair,64025
Mercedes,2022,36822,Petrol,Manual,2.224205854091152,114,Poor,37317
Honda,2023,182731,Petrol,Manual,3.2075085456847425,388,Excellent,36416
Audi,2014,45108,Hybrid,Automatic,4.157637687654343,105,Excellent,47012
Honda,2021,133955,Diesel,Manual,2.6648722353813974,317,Good,73045
Audi,2018,12967,Diesel,Manual,1.6724725135971834,93,Good,26400
BMW,2017,115719,Electric,Automatic,2.899803861054993,124,Fair,53270
Audi,2021,16871,Hybrid,Manual,1.2208900829721139,295,Excellent,77069
Mercedes,2018,169685,Electric,Manual,4.769533816009107,312,Excellent,54833
Toyota,2019,33179,Hybrid,Automatic,1.2992848207798922,272,Good,68644
Audi,2023,188260,Diesel,Automatic,2.7538268610023127,130,Poor,74468
Audi,2018,60099,Petrol,Automatic,3.1195250443541047,293,Fair,64473
Toyota,2016,40262,Petrol,Manual,4.941215329149141,230,Fair,50809
Mercedes,2013,83213,Petrol,Automatic,1.664087294571443,354,Good,43328
Honda,2014,122407,Petrol,Automatic,1.4577260744494343,155,Excellent,41784
Audi,2010,154340,Petrol,Manual,1.0348245882501743,299,Good,28723
Toyota,2023,91269,Electric,Automatic,1.6222857474772092,266,Good,65646
BMW,2010,65545,Hybrid,Automatic,1.8290919162706705,368,Good,71255
Toyota,2012,44922,Diesel,Automatic,3.522323766332369,107,Good,5074
BMW,2022,47913,Electric,Automatic,1.8788271615656016,259,Poor,31498
Mercedes,2023,102033,Hybrid,Manual,1.0820832589173008,332,Poor,70522
Honda,2017,109792,Petrol,Automatic,4.306473382009955,205,Excellent,25541
Toyota,2023,191749,Hybrid,Automatic,2.462382804015867,256,Good,50929
Audi,2011,185913,Hybrid,Manual,2.4147867463229358,116,Poor,31028
Mercedes,2013,182404,Petrol,Automatic,2.2099161166717063,178,Excellent,34545
Toyota,2011,124863,Petrol,Manual,4.901493108585683,177,Good,36673
Audi,2023,161104,Petrol,Manual,1.680461669237126,206,Fair,35974
Toyota,2014,173918,Diesel,Manual,4.592952255812941,247,Poor,63899
BMW,2018,195546,Petrol,Automatic,4.107213328559552,159,Excellent,28097
Toyota,2010,49936,Diesel,Manual,1.3059198219972523,373,Fair,69824
Toyota,2014,165866,Petrol,Manual,4.946916406003394,205,Good,28525
Toyota,2023,197660,Diesel,Manual,2.085463854156042,389,Good,62804
Mercedes,2018,186403,Hybrid,Automatic,1.3943317080896493,229,Good,20043
Toyota,2010,33141,Electric,Automatic,4.317256936503037,95,Poor,46846
Audi,2018,145146,Hybrid,Automatic,3.8267021347107995,107,Excellent,55227
BMW,2017,142478,Hybrid,Automatic,3.468875223511603,252,Fair,58028
BMW,2013,102359,Petrol,Automatic,1.6239234547957326,125,Excellent,42383
Toyota,2021,128279,Diesel,Automatic,2.9139844650238476,315,Poor,34483
Mercedes,2020,159363,Electric,Automatic,4.122224107548855,293,Excellent,12265
Mercedes,2019,46568,Petrol,Manual,2.214495752575361,164,Poor,27763
Audi,2014,102539,Petrol,Manual,2.246759314060166,361,Good,20733
Toyota,2022,51851,Petrol,Manual,1.0125636241924885,311,Fair,42420
BMW,2014,59823,Hybrid,Manual,1.6969736065815182,164,Good,14247
Mercedes,2020,28312,Diesel,Automatic,4.501622500487337,144,Excellent,28840
Toyota,2021,179180,Diesel,Manual,2.7669859665508283,213,Good,70149
Mercedes,2015,170243,Electric,Manual,4.936937996937736,230,Fair,26058
Mercedes,2016,177851,Diesel,Manual,2.5828318542951703,194,Good,39929
BMW,2017,103723,Diesel,Manual,3.860745819120965,143,Fair,36362
Honda,2023,17411,Petrol,Automatic,2.1276761716189165,237,Fair,52356
Audi,2017,62009,Petrol,Automatic,2.455238564563734,156,Good,11041
Audi,2020,151494,Hybrid,Automatic,1.7629039503635786,225,Poor,66954
BMW,2023,178540,Petrol,Manual,2.38824947399758,304,Excellent,66869
Mercedes,2022,37371,Petrol,Automatic,3.1889500816825724,392,Poor,26059
Toyota,2011,62022,Petrol,Manual,4.967091523916998,182,Poor,49722
Mercedes,2018,76229,Petrol,Automatic,3.6568068522871426,380,Good,22548
BMW,2016,104071,Hybrid,Automatic,1.7969838176332562,167,Excellent,20078
Audi,2013,187268,Petrol,Automatic,1.1798457663662045,382,Excellent,10419
Mercedes,2013,101774,Electric,Automatic,1.5054259252580424,247,Poor,40490
Audi,2020,31715,Electric,Automatic,3.2502208050921895,249,Good,63760
Toyota,2017,32605,Electric,Manual,4.060641315267065,214,Excellent,35337
Audi,2013,104853,Electric,Automatic,4.761676829202988,129,Poor,6468
Audi,2022,36174,Petrol,Manual,1.0632926879872833,213,Excellent,29309
Honda,2015,146028,Electric,Manual,3.091040566247479,216,Good,71344
Honda,2014,81373,Petrol,Manual,2.883469424892707,324,Good,77255
Honda,2012,74252,Hybrid,Manual,3.624220087902816,188,Good,33718
Audi,2022,198021,Electric,Manual,3.238315417861368,392,Excellent,42841
BMW,2023,198718,Diesel,Automatic,3.748156602329922,366,Fair,78548
Audi,2019,75017,Electric,Automatic,3.6323303389967614,100,Excellent,51660
BMW,2020,68037,Electric,Automatic,1.4680468994317848,169,Fair,55281
BMW,2011,94818,Petrol,Automatic,4.198871654474878,375,Good,5767
Honda,2018,11548,Electric,Manual,1.4929303028652994,191,Poor,8895
Mercedes,2019,121981,Diesel,Automatic,3.7941225008365485,380,Fair,63026
Toyota,2018,159249,Petrol,Automatic,2.664581470562427,156,Good,47968
Honda,2010,29022,Petrol,Manual,3.0554029383063916,256,Good,45097
Honda,2019,111297,Hybrid,Manual,4.613192057502842,227,Fair,20332
Mercedes,2012,141614,Hybrid,Automatic,4.559534905893946,180,Poor,19621
Toyota,2017,65428,Electric,Automatic,4.271425222620119,325,Good,23174
Audi,2015,158812,Hybrid,Manual,3.040593521825293,196,Fair,45502
Audi,2014,64353,Hybrid,Automatic,3.9449592405353324,171,Poor,41674
Honda,2014,118132,Hybrid,Automatic,3.0515882220752375,107,Poor,42260
Toyota,2015,192604,Petrol,Automatic,4.478424329899109,104,Good,47498
Honda,2016,21052,Petrol,Automatic,2.6111033329315996,137,Excellent,72609
BMW,2010,105689,Petrol,Manual,4.880941377659507,376,Excellent,54464
Honda,2018,183148,Hybrid,Manual,4.72929103291551,213,Good,76805
Honda,2012,189492,Petrol,Manual,3.966410477807142,328,Poor,69919
Audi,2013,136743,Hybrid,Automatic,2.117663536704288,117,Good,59469
Audi,2019,5163,Petrol,Automatic,1.5266143551730336,154,Fair,22194
Audi,2010,46424,Petrol,Automatic,4.41881380037279,221,Excellent,31811
BMW,2022,189816,Diesel,Automatic,1.661209144551845,247,Fair,77377
Audi,2020,146706,Electric,Automatic,4.417043155989343,338,Good,48723
Toyota,2019,140870,Hybrid,Manual,2.963060026849442,304,Good,64238
Mercedes,2012,27420,Diesel,Automatic,2.626227135232417,231,Poor,7147
Toyota,2011,125575,Petrol,Automatic,4.612763115337716,98,Poor,43445
Toyota,2011,34300,Hybrid,Manual,3.4154039301611117,225,Poor,58803
Audi,2023,94881,Petrol,Automatic,3.306456028518871,320,Fair,66108
Mercedes,2010,15749,Electric,Manual,3.2350637784975906,316,Poor,7013
Mercedes,2017,109131,Diesel,Manual,2.4846780640781256,114,Good,58502
Mercedes,2012,161193,Electric,Manual,4.1425724141165094,269,Poor,42755
BMW,2012,133563,Diesel,Manual,2.011193776063092,80,Excellent,13733
Audi,2015,42487,Petrol,Manual,4.7555798401651,232,Poor,14479
Mercedes,2022,169433,Electric,Automatic,4.575940820187843,205,Fair,26304
BMW,2017,26223,Electric,Manual,2.3499213026995927,305,Excellent,40694
Honda,2022,77930,Petrol,Manual,3.917855079326655,300,Excellent,14490
Honda,2018,150128,Electric,Automatic,3.292892777798366,290,Excellent,26252
BMW,2018,33380,Hybrid,Automatic,2.3505972079969384,104,Fair,11862
BMW,2013,31035,Diesel,Manual,4.9540865919817865,95,Good,74959
Audi,2023,35620,Diesel,Automatic,1.1009493833930568,261,Poor,15450
Audi,2014,155949,Diesel,Automatic,2.0105841224851466,208,Excellent,61022
Honda,2011,191388,Hybrid,Manual,3.0802962444446016,121,Excellent,66991
Mercedes,2020,122360,Diesel,Manual,3.0878120139142555,315,Excellent,45927
Honda,2018,58352,Petrol,Automatic,3.3557322997822565,113,Good,54853
Mercedes,2017,166983,Electric,Manual,4.006704688091677,124,Good,36826
Mercedes,2012,168856,Hybrid,Manual,3.4939113220771856,213,Fair,47879
Audi,2020,8191,Diesel,Automatic,3.401125842112148,100,Good,62265
Toyota,2021,169232,Petrol,Manual,1.2140578516521732,201,Poor,77361
Toyota,2022,95536,Electric,Manual,2.5061211511571932,149,Fair,45736
BMW,2018,109576,Electric,Manual,1.928222958804624,127,Fair,29530
Audi,2012,185795,Hybrid,Manual,2.0614804464079017,118,Poor,52058
Mercedes,2018,8631,Hybrid,Manual,3.2173498973613794,366,Poor,79094
Toyota,2011,142244,Hybrid,Automatic,1.7980212597184337,89,Poor,79255
Mercedes,2021,47080,Petrol,Automatic,2.17579640406759,109,Fair,9886
Toyota,2019,95353,Petrol,Manual,1.9483388340693604,323,Fair,42387
Toyota,2018,156353,Hybrid,Automatic,4.7940117728727785,353,Fair,26575
Toyota,2017,33671,Diesel,Manual,4.778662928684381,167,Poor,44643
Audi,2018,127811,Electric,Manual,3.439766234384207,323,Poor,15100
Honda,2014,187503,Electric,Manual,4.6980898749276,94,Excellent,65356
Mercedes,2020,132734,Petrol,Manual,4.143250581873493,83,Good,12856
Audi,2020,164674,Electric,Manual,3.359791531207235,270,Excellent,43169
Audi,2011,56399,Diesel,Automatic,1.0257408459871828,247,Poor,33804
Audi,2017,159544,Electric,Automatic,4.090065144317617,88,Fair,40790
Audi,2021,185302,Petrol,Manual,3.8099533663538754,188,Poor,35988
Audi,2015,12099,Petrol,Automatic,3.461014613129656,216,Good,43506
BMW,2017,161503,Diesel,Manual,4.041697246729887,233,Excellent,72306
Mercedes,2020,61492,Diesel,Automatic,3.051688659099063,288,Excellent,17305
Audi,2014,101722,Electric,Manual,3.8163330852853563,351,Fair,14969
Mercedes,2019,183756,Electric,Automatic,4.740688346905973,222,Excellent,17404
BMW,2011,35111,Petrol,Manual,2.503220063384345,178,Excellent,13989
BMW,2015,68936,Diesel,Manual,3.8324873396025017,387,Poor,70305
Mercedes,2014,158686,Diesel,Automatic,2.902751272043835,148,Excellent,40983
Toyota,2021,178063,Diesel,Automatic,3.697598607255926,326,Excellent,44462
Honda,2022,65920,Electric,Manual,4.0515733422174565,340,Excellent,24360
Toyota,2021,68530,Diesel,Automatic,1.1818100017431838,355,Fair,31287
Toyota,2014,172296,Petrol,Manual,3.5864017757946476,158,Fair,70472
Toyota,2022,12788,Petrol,Automatic,1.9069647376277783,225,Poor,66313
Audi,2010,33082,Electric,Automatic,3.680130151230267,190,Excellent,39160
BMW,2011,128287,Hybrid,Manual,2.873320743735254,337,Fair,11789
Toyota,2017,94570,Electric,Automatic,4.094210967459549,172,Fair,32181
BMW,2022,106015,Hybrid,Automatic,1.4936032608223857,92,Poor,19385
Mercedes,2023,88588,Diesel,Manual,3.5052894066247804,339,Good,70641
Honda,2022,152603,Electric,Automatic,2.1138829157102093,188,Excellent,49247
Mercedes,2012,93340,Petrol,Manual,4.411927981322366,268,Fair,10544
Mercedes,2019,99439,Diesel,Manual,4.71353402254523,174,Poor,18275
Audi,2012,180929,Petrol,Manual,4.985593174716222,184,Poor,68248
Honda,2017,146214,Diesel,Manual,4.184029609709134,87,Poor,39550
Mercedes,2017,120053,Electric,Manual,4.014936281712018,146,Fair,58693
Mercedes,2011,53355,Hybrid,Automatic,1.8620030354702042,270,Excellent,24641
Honda,2017,145938,Diesel,Manual,2.344028235960435,335,Good,76749
Honda,2020,130426,Hybrid,Manual,2.862730167049118,88,Excellent,20605
Mercedes,2022,69027,Diesel,Automatic,4.093524191128999,196,Poor,55713
Honda,2022,193978,Petrol,Automatic,4.6598634603118745,346,Poor,25390
Mercedes,2010,164210,Petrol,Automatic,1.7565564000919385,178,Good,63466
Mercedes,2015,97601,Diesel,Manual,4.6894699386804115,377,Excellent,8981
Audi,2017,34956,Hybrid,Manual,3.782498609416232,243,Poor,14493
Toyota,2012,109797,Electric,Manual,3.4430829227401545,220,Poor,76218
Mercedes,2017,129917,Electric,Automatic,1.799365085127758,347,Excellent,76318
BMW,2021,131303,Petrol,Manual,1.2221001312366022,116,Poor,21984
Toyota,2010,141511,Electric,Automatic,3.2738595940317596,153,Excellent,27760
Toyota,2020,183313,Petrol,Manual,3.6060627333155697,152,Poor,6524
Toyota,2020,47533,Electric,Automatic,1.843125797418753,387,Excellent,54402
Audi,2018,164342,Diesel,Manual,3.2258248233018256,278,Good,70614
Mercedes,2022,83815,Petrol,Manual,4.425973611050294,209,Poor,40891
Audi,2020,44279,Petrol,Manual,4.34026378182008,325,Good,44832
Mercedes,2022,114787,Diesel,Automatic,4.709420722345189,391,Poor,50836
Audi,2018,159960,Petrol,Automatic,2.4635432382275217,139,Poor,78953
Audi,2014,153702,Electric,Manual,2.272198290203675,358,Fair,18362
BMW,2019,66063,Electric,Manual,3.9977040239232347,182,Excellent,71745
Audi,2013,132896,Petrol,Manual,2.72444962038802,375,Good,42921
Honda,2020,171216,Electric,Automatic,1.3501946561111224,399,Good,75434
BMW,2015,188233,Hybrid,Manual,2.131204522681999,230,Good,23562
Audi,2021,187051,Petrol,Manual,2.6743291421259565,236,Excellent,69510
Toyota,2016,102661,Diesel,Manual,2.170065701905008,285,Fair,12610
Honda,2014,143051,Hybrid,Manual,2.3288222837892865,258,Good,20791
Honda,2020,162261,Petrol,Automatic,2.175103624697563,276,Excellent,63047
Honda,2022,178672,Diesel,Automatic,1.1659966687323178,302,Poor,72906
BMW,2019,195632,Electric,Manual,3.54837880329777,168,Good,24665
Audi,2018,128257,Diesel,Manual,3.389169681413877,366,Good,75246
Audi,2012,197630,Hybrid,Automatic,3.6135339939147224,355,Fair,70864
Toyota,2016,91205,Electric,Automatic,1.7692395841345099,315,Good,51451
Toyota,2019,11910,Petrol,Manual,2.182618166449941,262,Good,50890
Honda,2019,193785,Electric,Automatic,3.478463707779689,288,Poor,11794
Toyota,2020,51857,Petrol,Automatic,3.3985102738396855,209,Excellent,37888
BMW,2014,39964,Petrol,Manual,3.0253212374170713,232,Excellent,11749
Audi,2023,161299,Diesel,Automatic,2.4016530000407896,92,Fair,51531
Honda,2016,142050,Diesel,Automatic,4.65172401909876,201,Poor,25608
Toyota,2011,22153,Diesel,Manual,2.359080969195375,299,Excellent,74211
BMW,2013,64765,Hybrid,Manual,2.8224766257490064,185,Poor,61017
BMW,2011,113212,Hybrid,Automatic,3.712455323816835,149,Excellent,62676
Toyota,2023,44071,Diesel,Manual,3.1720857234670565,274,Poor,16560
Audi,2022,117990,Hybrid,Automatic,2.3875439054575422,265,Fair,59401
Toyota,2022,74519,Electric,Manual,2.7425791618260393,178,Good,55468
Honda,2021,14503,Electric,Automatic,4.177923271414024,161,Fair,37463
Toyota,2016,196775,Hybrid,Manual,2.1125166219464497,154,Excellent,36663
BMW,2011,100457,Hybrid,Automatic,1.5690209591072617,271,Fair,73706
Toyota,2022,193938,Electric,Automatic,2.2526528073191083,293,Good,63773
Audi,2023,152977,Petrol,Automatic,4.398136861951605,394,Fair,38123
Mercedes,2020,50838,Electric,Manual,1.3559588594253866,397,Excellent,14718
Toyota,2010,130200,Electric,Manual,4.966784293489807,223,Excellent,67637
Audi,2018,194351,Hybrid,Automatic,3.16401159571065,295,Fair,5028
Audi,2010,94489,Electric,Automatic,4.9393829758683765,94,Good,67370
BMW,2017,31806,Hybrid,Manual,4.755985688343911,296,Fair,52599
Audi,2011,181072,Hybrid,Manual,2.811254856843667,114,Good,22397
Audi,2021,158240,Diesel,Manual,1.7939642984213964,262,Poor,50406
Audi,2017,75119,Electric,Manual,1.6595391062605538,349,Good,52657
Audi,2022,43714,Petrol,Manual,1.95995745547983,179,Poor,72560
Honda,2012,190165,Diesel,Manual,3.840530562258149,86,Fair,18503
Honda,2015,60419,Hybrid,Automatic,2.0917999789259514,109,Good,59943
BMW,2012,185217,Hybrid,Manual,2.3657010784171932,384,Poor,30345
Toyota,2023,110432,Petrol,Automatic,2.795115215978459,223,Poor,55390
Audi,2016,97949,Hybrid,Manual,4.652930721685825,190,Poor,64557
Toyota,2019,138533,Electric,Manual,1.7575736715393844,311,Excellent,70054
Toyota,2018,150363,Diesel,Automatic,1.0201062104392125,258,Fair,6906
BMW,2011,182876,Hybrid,Automatic,1.2403856415126806,151,Poor,45167
Audi,2021,81971,Hybrid,Manual,4.619065366720472,289,Good,12961
Audi,2021,98471,Petrol,Automatic,3.5900658593734525,299,Poor,31140
Mercedes,2023,69946,Electric,Automatic,2.092162477311227,159,Excellent,63701
Toyota,2014,103989,Hybrid,Automatic,1.7087700040447644,162,Fair,33561
Toyota,2022,89080,Petrol,Automatic,2.1770669465484573,121,Excellent,55568
Honda,2015,197404,Hybrid,Manual,1.4591877090051204,352,Excellent,78302
Mercedes,2013,82794,Petrol,Automatic,4.766131641137765,270,Excellent,34504
Honda,2013,35841,Petrol,Manual,4.136824697461067,252,Good,42146
Honda,2013,129447,Electric,Manual,2.849564707650163,86,Fair,45297
Honda,2011,125029,Hybrid,Manual,4.459850420460808,234,Fair,73607
BMW,2013,184830,Electric,Manual,1.9978328171729292,89,Good,21939
BMW,2020,81272,Petrol,Automatic,3.868482273888774,113,Fair,55715
Honda,2010,42643,Diesel,Automatic,4.424529996054973,115,Excellent,49460
Mercedes,2021,186480,Hybrid,Manual,2.4270748464930905,85,Fair,71576
Toyota,2015,48950,Diesel,Manual,4.029857781802871,294,Good,73222
Mercedes,2010,192921,Hybrid,Manual,2.1802893970572375,213,Excellent,17666
Audi,2019,105500,Electric,Manual,2.195428541036123,364,Good,67119
BMW,2015,164116,Electric,Automatic,1.4282287142167442,205,Poor,40321
Toyota,2010,130588,Electric,Manual,2.760232186037595,253,Excellent,6779
Toyota,2015,20997,Electric,Automatic,3.918847625989689,231,Excellent,18186
Audi,2019,84751,Electric,Manual,4.760883222285139,105,Fair,21459
Audi,2017,103605,Diesel,Manual,3.4151879677163843,194,Excellent,10057
Honda,2020,159983,Electric,Manual,4.452542150942956,363,Good,65663
BMW,2011,60533,Petrol,Manual,4.289978597160909,154,Fair,23733
BMW,2011,87566,Petrol,Automatic,1.6933722119011234,245,Poor,24157
Mercedes,2023,150643,Diesel,Automatic,2.943269715650526,268,Good,40030
Honda,2022,113255,Hybrid,Automatic,1.467694142101566,157,Poor,24613
Honda,2021,194013,Petrol,Manual,3.72861264624654,169,Poor,10188
Honda,2013,63005,Hybrid,Manual,4.799598672984304,255,Poor,34680
Honda,2020,194784,Diesel,Automatic,1.548357832315026,100,Excellent,65119
BMW,2012,48541,Hybrid,Automatic,3.9355325232101652,133,Good,79400
BMW,2013,28387,Hybrid,Manual,3.528952603471444,263,Good,60718
Honda,2022,98980,Hybrid,Manual,3.334420148032399,301,Excellent,41445
Mercedes,2021,184980,Hybrid,Automatic,2.560480938753357,394,Fair,10796
Toyota,2016,90457,Diesel,Manual,2.4205265910152503,258,Poor,52218
Toyota,2022,149129,Petrol,Manual,1.1809967560755514,355,Good,44131
Mercedes,2020,69028,Electric,Automatic,1.8716348330080539,191,Excellent,13123
Honda,2010,124246,Hybrid,Manual,1.0607075291473076,303,Poor,13222
BMW,2015,60731,Petrol,Automatic,3.325668422328082,293,Fair,29074
Toyota,2012,160930,Petrol,Manual,1.4234129435116354,138,Fair,34825
Audi,2020,184761,Diesel,Automatic,4.492077576118865,188,Poor,41839
Audi,2019,49638,Petrol,Manual,3.092572082788661,236,Fair,73322
Mercedes,2016,182558,Diesel,Automatic,3.7987596362348337,270,Good,61321
Honda,2019,25567,Hybrid,Automatic,2.643428367361986,279,Good,30988
Toyota,2011,165811,Hybrid,Automatic,3.2423192360041946,391,Good,40507
Honda,2023,62804,Electric,Automatic,4.770636707866522,275,Fair,28806
Toyota,2011,113821,Electric,Manual,1.330936158494683,114,Good,41901
Mercedes,2022,8754,Electric,Manual,2.0157510876947846,325,Excellent,22043
Mercedes,2013,32044,Petrol,Automatic,4.119953307642177,316,Good,14752
Audi,2010,72260,Hybrid,Manual,1.3949488275306634,183,Good,73993
Honda,2012,71912,Diesel,Manual,1.3026444156164434,86,Fair,47616
Audi,2022,13706,Electric,Manual,2.4461655950161543,362,Good,57127
Honda,2018,13894,Diesel,Manual,1.3686718338897292,80,Poor,79777
Audi,2016,154109,Diesel,Manual,3.3403137688248123,298,Excellent,5453
BMW,2016,88986,Electric,Automatic,1.9051010032663993,309,Fair,15976
BMW,2022,86942,Hybrid,Automatic,4.58279185279749,251,Excellent,75404
BMW,2022,187684,Electric,Automatic,4.134000323381027,166,Poor,38688
BMW,2020,34725,Diesel,Automatic,3.7988208243979047,120,Fair,7017
Toyota,2013,141998,Electric,Manual,3.4677761095380077,202,Fair,12957
BMW,2011,109555,Diesel,Manual,4.453862921365854,377,Good,9792
Mercedes,2023,14496,Diesel,Automatic,1.8922482461710275,257,Excellent,60982
Mercedes,2013,61447,Electric,Manual,4.49243537105691,142,Poor,18237
Toyota,2015,106604,Petrol,Manual,4.157969193696209,244,Poor,56586
BMW,2020,165878,Electric,Automatic,3.992643305550742,266,Fair,24252
BMW,2020,93199,Petrol,Manual,3.245022712299696,288,Good,15707
BMW,2012,46321,Diesel,Automatic,1.9849766438824004,306,Fair,39206
Audi,2010,158728,Diesel,Automatic,2.6941916639675854,127,Fair,8543
Honda,2023,60147,Petrol,Manual,4.174282618155207,303,Fair,49135
Audi,2021,96396,Diesel,Manual,1.1271139374292978,82,Fair,40031
Honda,2017,185738,Petrol,Automatic,4.1282030770550335,254,Poor,47929
BMW,2021,43787,Petrol,Automatic,1.960282961950266,178,Poor,70747
BMW,2022,199018,Diesel,Manual,1.577236802886412,195,Fair,62851
Audi,2014,26727,Hybrid,Automatic,1.4628052727212086,349,Fair,60311
Audi,2014,100081,Petrol,Automatic,1.1090000478032604,332,Good,70867
Honda,2020,127721,Electric,Automatic,3.0943459408858116,396,Fair,62196
Mercedes,2013,73056,Electric,Manual,1.873039490774918,174,Poor,78705
Honda,2015,139153,Diesel,Automatic,4.957727063118526,352,Excellent,62894
Audi,2012,170268,Hybrid,Manual,3.297747023488823,103,Poor,19591
Audi,2018,172807,Diesel,Automatic,1.5515410774240417,195,Good,53893
Toyota,2014,85102,Hybrid,Manual,3.7550501632454614,230,Poor,5727
Audi,2012,161570,Petrol,Automatic,4.590974266038901,129,Excellent,26359
Toyota,2020,81865,Petrol,Manual,3.9807179814784575,285,Fair,48822
Mercedes,2010,167728,Petrol,Manual,1.3057594441577907,158,Excellent,15929
Honda,2019,72695,Petrol,Manual,4.583536724770639,149,Fair,65091
Honda,2021,173972,Electric,Automatic,4.175717543439859,106,Fair,28519
Toyota,2015,122235,Electric,Automatic,1.6332156004224574,350,Poor,22393
Honda,2011,183773,Diesel,Automatic,1.2071435549312675,129,Poor,39318
Audi,2022,113777,Hybrid,Manual,3.229242301257234,371,Poor,79531
BMW,2012,24033,Petrol,Automatic,1.6241432453599076,326,Good,52934
Toyota,2010,146877,Petrol,Manual,4.338363810381088,343,Poor,33840
Honda,2018,171923,Hybrid,Automatic,2.433338626686695,158,Good,18265
Toyota,2017,31832,Hybrid,Manual,4.6515697789463015,269,Poor,10424
Toyota,2021,199509,Diesel,Manual,3.262752688564023,126,Fair,25625
BMW,2011,120725,Hybrid,Manual,1.7306895369586726,268,Good,34187
Audi,2021,150016,Petrol,Automatic,1.5583954694392004,335,Excellent,40929
Toyota,2020,24873,Petrol,Automatic,3.3058897502310156,301,Good,66892
Honda,2017,45372,Petrol,Automatic,4.047534447449776,320,Good,25539
Mercedes,2021,94464,Petrol,Manual,4.126022590968729,348,Excellent,61630
Toyota,2023,151451,Petrol,Manual,2.103029617765125,80,Good,14215
Toyota,2018,122322,Diesel,Automatic,1.81698703564867,113,Fair,44385
BMW,2010,172823,Petrol,Automatic,1.0670252179695296,158,Poor,30008
Audi,2022,105082,Diesel,Automatic,3.7167966048046774,315,Excellent,53928
Mercedes,2014,10110,Petrol,Manual,1.306273033734156,177,Poor,29976
Honda,2017,190413,Electric,Manual,2.683044807063703,161,Fair,32626
Mercedes,2020,17087,Electric,Manual,3.4067286560731844,271,Excellent,64789
Honda,2023,159834,Electric,Manual,4.748435779678708,332,Poor,9700
Audi,2011,87617,Electric,Manual,2.2472085478230746,117,Poor,68645
Honda,2013,105483,Diesel,Automatic,1.9990886497860791,93,Fair,78396
BMW,2016,14596,Diesel,Manual,3.6166406171443937,389,Poor,12526
BMW,2012,112539,Hybrid,Manual,3.4769561282143266,288,Fair,44500
BMW,2022,23313,Petrol,Manual,2.3284391332324983,168,Good,73049
BMW,2021,118175,Electric,Manual,4.712407342039146,135,Fair,78366
Mercedes,2014,119914,Diesel,Manual,4.379449309958531,173,Good,64117
Audi,2017,28705,Petrol,Automatic,1.8959301834603246,172,Excellent,61096
Honda,2021,78445,Petrol,Manual,1.9565701817380927,164,Poor,12910
Honda,2019,108892,Diesel,Manual,3.0492013875483224,324,Fair,76185
BMW,2012,7023,Electric,Manual,4.094288406922882,101,Fair,55248
BMW,2013,124654,Hybrid,Automatic,1.1761615175538576,370,Poor,79656
Toyota,2023,195868,Petrol,Automatic,3.7733406149388267,351,Poor,6951
Audi,2018,85073,Hybrid,Automatic,3.592943589528388,385,Excellent,70212
Mercedes,2023,97197,Electric,Manual,1.925920383651953,201,Excellent,46954
Honda,2023,69429,Electric,Automatic,3.725412052965395,207,Fair,13804
Toyota,2016,109195,Hybrid,Manual,4.76073276500833,192,Excellent,5595
Toyota,2010,197699,Electric,Manual,1.187143379887074,352,Good,34592
Honda,2023,38848,Petrol,Automatic,2.27860822116825,209,Excellent,45643
Mercedes,2021,173876,Hybrid,Manual,2.752706866665421,211,Excellent,67665
Toyota,2013,151451,Electric,Manual,4.597041435698758,164,Fair,25823
Toyota,2013,195736,Hybrid,Manual,4.849045786436626,160,Good,10972
Audi,2018,32766,Petrol,Automatic,2.776460985985329,148,Excellent,20882
Mercedes,2015,73099,Electric,Manual,4.000113648568765,227,Good,71394
Toyota,2018,172132,Petrol,Manual,3.126644095057932,95,Good,76055
Mercedes,2021,74122,Electric,Automatic,3.151131738965506,386,Good,28769
Honda,2015,152159,Diesel,Manual,2.1123980602654258,184,Poor,30020
BMW,2015,53868,Electric,Manual,1.867824983455518,244,Poor,47748
Toyota,2014,124119,Hybrid,Automatic,2.1520213836961646,280,Poor,49912
Audi,2014,159297,Electric,Manual,3.2253120290283173,276,Poor,17879
Honda,2011,100286,Petrol,Manual,1.116620744088356,264,Fair,38798
Mercedes,2017,11643,Petrol,Manual,4.628995777425623,344,Excellent,51073
Honda,2017,41727,Electric,Manual,1.6251348381991049,179,Poor,71983
Toyota,2020,147077,Hybrid,Manual,1.8803547074855462,399,Fair,48005
Mercedes,2022,114079,Diesel,Automatic,3.0731047057905854,293,Excellent,7850
BMW,2010,70697,Hybrid,Automatic,3.8404590653491173,357,Poor,33400
Honda,2017,21029,Diesel,Automatic,1.3829162189775892,241,Excellent,16953
Toyota,2014,150298,Petrol,Automatic,2.2707787901886487,236,Poor,28535
Audi,2011,199718,Hybrid,Manual,4.874698422297429,330,Fair,9055
Mercedes,2023,196675,Diesel,Manual,2.049371867123783,176,Good,43170
Honda,2011,164803,Electric,Manual,2.2522005802525875,97,Good,33251
Honda,2023,114458,Petrol,Manual,4.345993962472134,176,Excellent,9532
BMW,2015,115384,Electric,Manual,1.200857726761821,80,Fair,9924
BMW,2020,73926,Petrol,Automatic,2.8584526752358834,295,Good,53037
Audi,2022,142069,Hybrid,Automatic,2.518467057806681,211,Poor,76621
Audi,2018,60506,Hybrid,Manual,2.2663470396346046,339,Good,75400
Toyota,2010,83229,Petrol,Manual,2.142798376179058,204,Excellent,15702
Toyota,2021,185887,Petrol,Manual,1.3654964194416368,161,Excellent,20385
Audi,2015,47092,Petrol,Automatic,2.2593033174065953,362,Fair,14336
Audi,2018,67539,Hybrid,Manual,1.1722096108626743,250,Excellent,70421
Mercedes,2017,157889,Diesel,Manual,4.1238554545777415,138,Good,36225
BMW,2020,173933,Electric,Manual,2.5929111758320467,111,Good,41021
Toyota,2015,18428,Electric,Automatic,2.7756153292796464,240,Good,8782
BMW,2012,180006,Hybrid,Manual,4.574378345800526,363,Good,54111
BMW,2017,146330,Electric,Automatic,3.632219935444883,185,Fair,47719
Audi,2018,62775,Petrol,Automatic,1.0322364133684792,184,Poor,54037
Mercedes,2010,10469,Diesel,Automatic,4.772699291845139,307,Poor,8513
Honda,2021,33854,Electric,Automatic,1.9485778639108449,267,Fair,18335
Mercedes,2018,142328,Diesel,Automatic,1.4304567390394354,149,Excellent,49140
Mercedes,2023,81256,Petrol,Automatic,4.072512713523529,397,Poor,39840
BMW,2015,170009,Electric,Manual,3.0019092634668727,369,Excellent,36007
Mercedes,2015,104134,Hybrid,Manual,2.7350822640720702,166,Poor,61947
Toyota,2021,137723,Diesel,Manual,1.998012318730967,135,Excellent,31393
BMW,2013,186360,Petrol,Automatic,3.1898859594492746,192,Fair,62480
Toyota,2010,89730,Diesel,Manual,2.09753842081035,92,Good,14107
Honda,2019,161123,Electric,Automatic,4.606332021148271,97,Excellent,10993
BMW,2017,32386,Electric,Automatic,1.8608179189327712,261,Good,57066
Honda,2011,152256,Hybrid,Automatic,4.537420601823014,192,Excellent,47942
BMW,2021,38787,Petrol,Manual,3.237621702909428,308,Excellent,21138
Audi,2010,26621,Petrol,Automatic,4.313952535580964,250,Excellent,49527
Mercedes,2011,82984,Hybrid,Automatic,3.85138398344382,374,Excellent,14190
Audi,2010,195864,Hybrid,Manual,3.7867804457469942,268,Excellent,60698
Honda,2010,181325,Petrol,Manual,2.297383230780223,158,Good,34086
Mercedes,2018,39051,Diesel,Automatic,1.935587725888814,225,Excellent,22322
BMW,2022,54811,Diesel,Automatic,1.8435449107231525,261,Good,8435
Mercedes,2023,35447,Hybrid,Manual,4.428766628238355,365,Fair,58331
Toyota,2010,133046,Diesel,Manual,4.281707281036081,329,Poor,33942
Mercedes,2022,166326,Petrol,Manual,2.7622941120492293,393,Excellent,64635
Toyota,2013,89045,Electric,Automatic,1.5296184539858184,275,Poor,34059
Mercedes,2019,121859,Electric,Manual,2.5290090079098335,150,Good,62557
Toyota,2015,193490,Diesel,Manual,3.4773738165476455,327,Fair,57389
Honda,2016,150544,Hybrid,Manual,2.8176126179198113,225,Fair,58014
Audi,2011,8471,Hybrid,Automatic,4.12075707393198,185,Fair,37826
BMW,2015,125312,Hybrid,Manual,4.990491289005542,342,Poor,35297
Mercedes,2016,144401,Hybrid,Manual,1.7645283537955874,375,Good,48890
Audi,2019,170937,Hybrid,Manual,2.8386032786382898,149,Excellent,26322
BMW,2023,51850,Diesel,Manual,2.723935607683288,272,Excellent,40739
BMW,2019,59220,Electric,Manual,2.2179701309958033,147,Good,14719
Toyota,2011,98808,Electric,Automatic,1.7923820668811583,384,Poor,13314
Honda,2011,142469,Diesel,Automatic,1.262768465958637,131,Excellent,41113
Honda,2019,171597,Hybrid,Automatic,4.548477268894794,364,Good,20357
Audi,2016,58072,Diesel,Manual,2.6793947907452704,88,Excellent,25365
Honda,2021,88820,Electric,Automatic,2.9875820740001955,330,Fair,44029
Mercedes,2010,28284,Petrol,Automatic,4.667768192803663,377,Excellent,6737
Honda,2017,197402,Diesel,Automatic,4.105161910063791,263,Poor,79632
Audi,2020,88369,Hybrid,Manual,1.5220050564687368,258,Good,32499
Honda,2022,30122,Electric,Manual,3.2616798704309695,277,Poor,51157
Mercedes,2012,135349,Electric,Automatic,2.7690091060782365,207,Good,61247
Toyota,2020,75553,Electric,Automatic,4.188844290315052,99,Fair,46034
Audi,2015,99788,Electric,Manual,3.896930190447797,144,Good,5294
Toyota,2018,67812,Hybrid,Manual,3.761622887644288,261,Excellent,29596
Toyota,2015,12999,Petrol,Automatic,2.3621793419195876,320,Excellent,16434
Toyota,2018,27436,Electric,Manual,4.219854921597018,103,Fair,63382
BMW,2016,47963,Diesel,Automatic,1.2095651823794449,162,Good,43098
BMW,2018,138168,Petrol,Manual,1.638499605728669,398,Fair,9655
Toyota,2011,161351,Electric,Automatic,2.342493091911647,264,Excellent,51228
Audi,2021,113899,Petrol,Automatic,1.3072297642771251,395,Poor,8771
Mercedes,2017,31201,Diesel,Manual,1.9399771101387664,178,Fair,79099
Mercedes,2017,155787,Electric,Automatic,4.3206039319916725,141,Poor,61799
Honda,2011,165381,Diesel,Automatic,4.793006151160317,365,Poor,67257
Audi,2021,151150,Hybrid,Automatic,2.218409423096762,101,Good,22558
BMW,2023,192686,Electric,Manual,2.058063215955353,291,Fair,63436
Toyota,2013,10105,Electric,Manual,2.1195706089857076,205,Poor,37376
Honda,2023,122666,Electric,Manual,2.1108763494033753,121,Poor,34332
Mercedes,2020,99848,Electric,Automatic,1.143720728743892,177,Good,51737
BMW,2016,7839,Hybrid,Manual,4.707665385324432,110,Good,78970
BMW,2020,73920,Electric,Automatic,1.8547925662813136,237,Excellent,56952
Toyota,2013,48619,Petrol,Automatic,2.6800162963256198,191,Poor,25991
Mercedes,2013,47821,Electric,Manual,1.038747530963871,326,Excellent,32472
Audi,2015,130736,Hybrid,Manual,4.431820363660229,201,Poor,64946
BMW,2019,149565,Electric,Automatic,3.924629377819669,352,Excellent,31849
Toyota,2015,22069,Petrol,Automatic,4.787024140694813,373,Good,6541
Audi,2019,12531,Hybrid,Manual,4.126461916785596,286,Fair,7765
Mercedes,2012,173123,Hybrid,Manual,2.254826048208261,189,Good,48074
BMW,2018,143808,Petrol,Manual,1.9914934349136946,357,Excellent,34283
Audi,2021,143782,Petrol,Automatic,3.790865230213172,135,Excellent,5769
Audi,2019,72155,Petrol,Automatic,2.4564511000419977,136,Fair,22806
Audi,2023,150047,Petrol,Automatic,3.2648600630104663,370,Poor,7972
BMW,2020,67424,Petrol,Automatic,1.025029884105881,193,Excellent,23256
BMW,2011,50603,Hybrid,Automatic,1.247542806721901,387,Excellent,23653
Honda,2015,159324,Hybrid,Manual,3.141471764726605,277,Excellent,44339
Mercedes,2021,137503,Electric,Manual,3.2642865857926604,258,Fair,30757
Toyota,2016,173553,Electric,Automatic,4.0058117778373745,298,Good,47399
Audi,2021,97573,Diesel,Automatic,1.527861278495847,356,Excellent,49013
Honda,2022,145629,Electric,Manual,3.052732335027115,95,Fair,19706
Toyota,2018,108302,Electric,Manual,1.7777905777267544,140,Excellent,43231
Honda,2022,136234,Petrol,Manual,1.3727844782507788,133,Poor,32909
BMW,2012,170814,Petrol,Manual,2.6419831762422183,247,Fair,62572
Audi,2019,24675,Electric,Automatic,1.653346592356229,105,Excellent,68767
Toyota,2012,78997,Diesel,Manual,1.8871279127692744,144,Fair,31469
Toyota,2016,153087,Petrol,Automatic,2.270218319478007,179,Excellent,6313
Toyota,2023,186129,Electric,Manual,2.037553602972785,153,Good,12847
Toyota,2013,168663,Electric,Manual,1.3503651896237856,271,Excellent,55222
Toyota,2022,145905,Hybrid,Manual,1.3596649794388092,250,Fair,79702
Honda,2017,12896,Diesel,Automatic,1.7729976609366727,352,Poor,14930
Audi,2022,169044,Hybrid,Automatic,1.2022367518381558,266,Poor,8285
BMW,2016,54733,Diesel,Manual,3.5058280787077085,102,Poor,40863
BMW,2014,46800,Petrol,Automatic,2.149306866035608,260,Excellent,21704
BMW,2016,101044,Diesel,Automatic,2.118983871076284,187,Good,23705
BMW,2012,10347,Electric,Manual,2.3279931769510607,241,Excellent,5555
Honda,2021,195135,Electric,Manual,3.6511850968388866,381,Poor,26323
Mercedes,2011,138715,Diesel,Automatic,4.482535525933962,285,Fair,75968
Audi,2015,45785,Diesel,Automatic,4.036347730222554,157,Poor,71922
Toyota,2011,23681,Diesel,Automatic,3.91011692090038,95,Fair,58915
Mercedes,2012,186098,Hybrid,Manual,2.937564742403397,175,Good,15619
BMW,2015,108864,Diesel,Manual,3.775222227869647,226,Fair,77390
Mercedes,2014,151964,Petrol,Automatic,3.2110494721343326,81,Excellent,64274
Audi,2017,52299,Hybrid,Manual,1.8650021127461156,89,Excellent,78173
Toyota,2018,22073,Hybrid,Manual,1.8343534709642029,204,Excellent,26225
Toyota,2020,107304,Diesel,Automatic,2.1855680275011338,160,Fair,31739
Audi,2012,35682,Petrol,Automatic,4.6432106838792535,219,Excellent,52708
Audi,2021,129302,Hybrid,Manual,3.1896593615189035,229,Excellent,58019
BMW,2019,150361,Electric,Manual,3.9356215080074777,367,Excellent,12373
Toyota,2012,120359,Hybrid,Automatic,2.3862350392661904,208,Good,40281
Mercedes,2012,143999,Diesel,Manual,2.630863082660901,318,Fair,25187
Honda,2022,184402,Petrol,Manual,1.5022623145490055,137,Fair,72863
Honda,2022,71707,Diesel,Automatic,1.6851798312866815,277,Poor,44220
Audi,2015,70428,Electric,Automatic,4.309426219304582,290,Fair,12642
BMW,2010,55601,Electric,Manual,3.3393545267555282,124,Good,60556
Honda,2016,138611,Electric,Manual,2.3501298635352756,176,Fair,38760
Toyota,2021,116487,Diesel,Manual,4.211404835982184,358,Good,43192
Audi,2010,158741,Hybrid,Automatic,1.986079622551932,102,Good,9381
Mercedes,2023,156716,Diesel,Manual,4.904130794400816,123,Fair,24558
Audi,2014,154817,Petrol,Manual,2.379270430984679,106,Poor,35782
Mercedes,2019,33228,Hybrid,Automatic,2.3492438166049103,361,Excellent,9782
Audi,2022,170593,Electric,Automatic,2.247647622146821,176,Excellent,59712
Audi,2017,127788,Diesel,Manual,1.4884460636971517,115,Fair,24462
Audi,2013,102239,Electric,Automatic,1.4445485893280496,188,Fair,65030
Mercedes,2014,31928,Electric,Automatic,3.5924201381364935,134,Good,73519
Mercedes,2013,23322,Petrol,Manual,4.500472178232188,271,Fair,61411
Audi,2021,193786,Hybrid,Automatic,4.162082041086694,298,Good,60206
Honda,2021,92896,Petrol,Automatic,1.5644303760854044,264,Poor,51950
BMW,2023,67292,Petrol,Manual,3.1823284871682658,148,Fair,7523
BMW,2013,34055,Petrol,Automatic,1.42236618390656,396,Excellent,65926
BMW,2021,47891,Electric,Manual,1.1811785744523098,209,Excellent,14677
Mercedes,2017,86912,Petrol,Manual,3.625543437539069,134,Fair,20089
Mercedes,2011,142660,Petrol,Automatic,3.1406093347214012,176,Good,9581
Honda,2010,95536,Hybrid,Automatic,1.3280947408458834,166,Excellent,16907
BMW,2012,11304,Hybrid,Automatic,1.1397569856239538,373,Good,10609
BMW,2018,12345,Petrol,Manual,4.9590256536373385,198,Fair,56153
Audi,2013,165372,Hybrid,Automatic,1.1200853285962875,287,Fair,55539
Mercedes,2019,160331,Hybrid,Manual,2.7781130122006386,233,Excellent,49143
BMW,2014,96006,Petrol,Automatic,3.0184760984307824,114,Fair,27936
Honda,2011,151424,Electric,Automatic,1.4691205912017802,158,Poor,55182
Honda,2013,134350,Petrol,Automatic,1.676247113758865,146,Poor,18163
BMW,2011,169437,Hybrid,Manual,2.40722002564141,113,Excellent,64758
Mercedes,2011,24446,Electric,Automatic,4.0467035048546505,176,Poor,51057
Honda,2013,7336,Diesel,Automatic,3.028329696241067,248,Good,17537
Audi,2015,67032,Electric,Manual,3.551607498211846,248,Excellent,27419
Honda,2016,102852,Hybrid,Manual,4.940698220362699,230,Excellent,47578
Toyota,2019,143593,Electric,Automatic,4.072021741252838,150,Good,79991
Toyota,2012,159553,Petrol,Automatic,2.737445992564871,82,Poor,79599
Mercedes,2012,23474,Diesel,Automatic,2.785767687186195,393,Poor,5834
BMW,2019,182832,Diesel,Manual,3.47508830816402,111,Poor,37214
